div_and_fold,fold_growth,division_ratio,added_length,generationtime,length_birth,length_final,growth_rate,lineage_ID,generation,start_time,end_time
,1.1705608257416300,,3.983776880819100,0.75,1.791427584648780,5.775204465467890,1.5607477676555100,15.0,0.0,0.25,1.0
1.0098307934197000,0.7949838488963290,0.45602800205138700,3.1983243536988500,0.5000000000000000,2.6336549538255700,5.831979307524420,1.5899676977926600,15.0,1.0,1.0833333333333300,1.5833333333333300
0.8624824052034200,0.6078931989781990,0.46961891654577800,2.2911717365332200,0.41666666666666700,2.7388078037170100,5.029979540250230,1.458943677547680,15.0,2.0,1.6666666666666700,2.0833333333333300
1.426485953841600,1.0373697036568800,0.5055260753225660,4.632409346342100,0.833333333333333,2.5427858159355000,7.175195162277610,1.2448436443882600,15.0,3.0,2.166666666666670,3.0
0.7296014175480950,0.4901558965741010,0.44690340948284100,2.028413379855330,0.33333333333333300,3.206619181726650,5.235032561581980,1.4704676897223100,15.0,4.0,3.0833333333333300,3.4166666666666700
0.8879819511409760,0.6094640165060870,0.4827444385971710,2.121431573341310,0.4166666666666670,2.5271828549788000,4.648614428320110,1.462713639614610,15.0,5.0,3.5000000000000000,3.916666666666670
1.0413571182893600,0.7097570177175770,0.5121016011914100,2.460304833049540,0.5833333333333340,2.3805628920642200,4.8408677251137600,1.2167263160872700,15.0,6.0,4.0,4.583333333333330
0.9068434777689650,0.6292248668359890,0.48335191798885300,2.0500666235976200,0.5,2.3398426996640700,4.389909323261700,1.2584497336719800,15.0,7.0,4.666666666666670,5.166666666666670
1.2174214355894900,0.90776142744314,0.4911398411686190,3.188310342661560,0.5833333333333340,2.156059367771390,5.344369710432950,1.5561624470453800,15.0,8.0,5.25,5.833333333333330
1.1202000844088400,0.8770934171876810,0.4659923314804150,3.4963280990811,0.666666666666667,2.490435301657960,5.986763400739060,1.3156401257815200,15.0,9.0,5.916666666666670,6.583333333333330
0.9491655358786940,0.6632657308243470,0.48897799305272300,2.755033938866570,0.5,2.927395552574880,5.682429491441440,1.3265314616486900,15.0,10.0,6.666666666666670,7.166666666666670
0.908928888626588,0.5909713283085720,0.5033549224344900,2.30464546645085,0.4166666666666660,2.8602788559039700,5.1649243223548200,1.4183311879405700,15.0,11.0,7.25,7.666666666666670
1.068627522095730,0.7087448864182350,0.5260443517277230,2.802401013534120,0.583333333333333,2.71697926687589,5.519380280410010,1.2149912338598300,15.0,12.0,7.750000000000000,8.333333333333330
0.8867519140910240,0.5677879205830480,0.5025913083647010,2.1203284717562300,0.41666666666666800,2.7739925564936000,4.894321028249830,1.3626910093993100,15.0,13.0,8.416666666666670,8.833333333333330
0.9219293298463380,0.6972353175284430,0.4590840250113390,2.2653135082806400,0.5000000000000020,2.2469045973465600,4.5122181056272,1.3944706350568800,15.0,14.0,8.916666666666670,9.416666666666670
1.0170783420469000,0.6515877127223350,0.5301191077247090,2.197266273810950,0.5833333333333340,2.392013036014370,4.58927930982532,1.1170075075240000,15.0,15.0,9.5,10.083333333333300
0.9930247253711710,0.7409404750514850,0.47334054056287000,2.3849758769841700,0.6666666666666680,2.172291949306710,4.557267826290890,1.111410712577230,15.0,16.0,10.166666666666700,10.833333333333300
1.0942467506528100,0.8181043456959220,0.48285536665818600,2.7862742835501800,0.5833333333333360,2.2005012272232400,4.986775510773420,1.4024645926215800,15.0,17.0,10.916666666666700,11.500000000000000
0.934150362889637,0.7483859242146410,0.4419741910845960,2.4543720805435900,0.5,2.2040260724945600,4.658398153038150,1.4967718484292800,15.0,18.0,11.583333333333300,12.083333333333300
0.934903788950092,0.6936587367978540,0.46721282769576900,2.17869071009977,0.5,2.1764633736137000,4.3551540837134700,1.3873174735957100,15.0,19.0,12.166666666666700,12.666666666666700
1.1746658125768100,0.8262940338748840,0.514113952020246,2.87680513300746,0.5833333333333320,2.239045477635050,5.115850610642510,1.416504058071230,15.0,20.0,12.750000000000000,13.333333333333300
1.0367204959687200,0.8216530074188460,0.45585037611246100,2.9716447573706500,0.5833333333333340,2.3320624249965500,5.303707182367200,1.4085480127180200,15.0,21.0,13.416666666666700,14.000000000000000
1.0745858874498900,0.7480283414142160,0.5086002293613700,3.0018221999209100,0.5833333333333360,2.6974666894175000,5.699288889338410,1.2823342995672200,15.0,22.0,14.083333333333300,14.666666666666700
1.1884632077145900,0.9953965328587410,0.43922850779794200,4.270105000741730,0.7500000000000020,2.503290154373500,6.773395155115240,1.3271953771449900,15.0,23.0,14.75,15.500000000000000
0.9798655490792790,0.6189643857642770,0.5276593904353340,3.0629710040721700,0.4166666666666660,3.5740455587257500,6.637016562797920,1.4855145258342700,15.0,24.0,15.583333333333300,16.0
0.8703420165559770,0.6026609582517960,0.47638449873997400,2.6147025707835700,0.4166666666666640,3.1617718083973900,5.77647437918096,1.446386299804320,15.0,25.0,16.083333333333300,16.5
0.9733385459015870,0.6538586155913430,0.5061703872833190,2.698584899027570,0.41666666666666800,2.9238802736422000,5.6224651726697700,1.5692606774192200,15.0,26.0,16.583333333333300,17.0
1.1474864234297500,0.8067625086397810,0.5121239070875560,3.5723036201537900,0.5,2.8793988316913500,6.451702451845140,1.6135250172795600,15.0,27.0,17.083333333333300,17.583333333333300
0.8247933703392400,0.5018887693576410,0.49931847838899800,2.099867158409400,0.3333333333333360,3.221454251273890,5.321321409683290,1.5056663080729100,15.0,28.0,17.666666666666700,18.000000000000000
0.7392895103952480,0.3777233708765680,0.5067238765405540,1.2375564865875500,0.5000000000000040,2.6964406130329600,3.9339970996205100,0.7554467417531300,15.0,29.0,18.083333333333300,18.583333333333300
1.0153126608282800,0.7307788940209880,0.4889073436560990,2.070876990980170,0.6666666666666640,1.9233600719262600,3.994237062906430,1.096168341031490,15.0,30.0,18.666666666666700,19.333333333333300
1.3373284162496100,0.9573986989305140,0.5133872761839950,3.2910162393034500,0.75,2.050590486158690,5.341606725462140,1.2765315985740200,15.0,31.0,19.416666666666700,20.166666666666700
0.8277686754853610,0.5657496399457460,0.4701181743905810,1.9104283220127800,0.41666666666666800,2.5111864020867100,4.421614724099490,1.3577991358697900,15.0,32.0,20.25,20.666666666666700
0.9854575954556160,0.6360621344647100,0.5216745691622840,2.0506698578460200,0.5,2.3066439561962100,4.357313814042230,1.2721242689294200,15.0,33.0,20.75,21.25
1.0503574715577700,0.7758900167961600,0.4834731677637780,2.4700928078852600,0.6666666666666640,2.1066443126158700,4.576737120501130,1.1638350251942400,15.0,34.0,21.333333333333300,22.0
0.5848642064254950,0.31264326340674500,0.4278344968140970,0.7186837010000000,0.08333333333333220,1.958086023,2.676769724,3.751719160881000,15.0,35.0,22.083333333333300,22.166666666666700
1.4950927513881700,0.4422876401898780,0.9606939469914040,1.4304625401510500,0.3333333333333360,2.5715564713366500,4.002019011487700,1.3268629205696200,15.0,36.0,22.25,22.583333333333300
1.0563830883984600,0.7943186944081910,0.4773679022649650,2.317229782846350,0.6666666666666680,1.9104354203383900,4.227665203184740,1.1914780416122800,15.0,37.0,22.666666666666700,23.333333333333300
0.9751771229362030,0.74013011897439,0.46521003885910200,2.1559700961223500,0.6666666666666640,1.9667522934568500,4.122722389579190,1.1101951784615900,15.0,38.0,23.416666666666700,24.083333333333300
1.0574470237112000,0.8456008919775620,0.4539612862855570,2.4880041614764300,0.6666666666666680,1.8715563589716300,4.35956052044806,1.2684013379663400,15.0,39.0,24.166666666666700,24.833333333333300
1.0127441979267500,0.7483361272149430,0.47918312240459900,2.3260918000941800,0.5833333333333360,2.08902782250012,4.415119622594310,1.2828619323684700,15.0,40.0,24.916666666666700,25.500000000000000
1.1257759178237500,0.8700079916944590,0.4716417956457580,2.888080398636570,0.6666666666666680,2.0823549467912000,4.9704353454277700,1.305011987541690,15.0,41.0,25.583333333333300,26.25
1.0324090154929300,0.7575330808062090,0.48401559126642300,2.7257540589755900,0.6666666666666640,2.4057682025687500,5.131522261544340,1.1362996212093200,15.0,42.0,26.333333333333300,27.0
0.9780050851483680,0.7016802844355160,0.48484758563407200,2.5306486872051500,0.5833333333333360,2.4880061791372700,5.018654866342420,1.202880487603740,15.0,43.0,27.083333333333300,27.66666666666670
1.007815747801530,0.788071319871571,0.4582749457250160,2.7579556205950100,0.5833333333333360,2.2999237864856600,5.057879407080670,1.3509794054941200,15.0,44.0,27.75,28.333333333333300
1.0559069763772800,0.7765621666356980,0.4857009975544130,2.8840330780824700,0.5000000000000040,2.4566170735290000,5.340650151611480,1.5531243332713800,15.0,45.0,28.416666666666700,28.91666666666670
0.9508617157237540,0.6390574014761560,0.5018550039225520,2.3979877634556600,0.4166666666666640,2.6802320027859600,5.078219766241610,1.5337377635427800,15.0,46.0,29.0,29.416666666666700
1.0374138068230600,0.7486839954433230,0.4906849025481800,2.7764095284643300,0.5833333333333360,2.4918057711165100,5.26821529958084,1.283458277902830,15.0,47.0,29.5,30.083333333333300
1.0035383506638200,0.7315934188003940,0.482844166819735,2.743129065730140,0.5833333333333290,2.5437270269530900,5.2868560926832400,1.2541601465149700,15.0,48.0,30.16666666666670,30.75
0.7517199555679220,0.5537655353478610,0.43207462644832100,1.6899188557537000,0.4166666666666640,2.28431637133214,3.9742352270858400,1.3290372848348700,15.0,49.0,30.833333333333300,31.25
1.0429337353888500,0.7659290745865320,0.4848617727569540,2.2179092531406000,0.5833333333333290,1.9269547375579700,4.144863990698580,1.3130212707197800,15.0,50.0,31.333333333333300,31.916666666666700
1.3388682777160600,0.9876617528779010,0.4986568652118020,3.482562028262870,0.6666666666666710,2.066864884331030,5.549426912593900,1.4814926293168400,15.0,51.0,32.0,32.66666666666670
0.941467874249141,0.6529128436256190,0.49005977918907600,2.5050562312890700,0.5,2.719550927411690,5.224607158700760,1.305825687251240,15.0,52.0,32.75,33.25
1.0259277047974000,0.6685128070713650,0.5257573281824650,2.6131937302324200,0.5833333333333360,2.7468755005614900,5.360069230793910,1.1460219549794800,15.0,53.0,33.333333333333300,33.91666666666670
0.9929208419275650,0.6474687263633110,0.5196638802368890,2.53669007861721,0.5833333333333360,2.7854343748127200,5.322124453429930,1.1099463880513900,15.0,54.0,34.0,34.583333333333300
1.080196839102970,0.8076006841414080,0.48168861475153400,3.185335256399690,0.5833333333333290,2.5636067555079300,5.748942011907620,1.3844583156710000,15.0,55.0,34.66666666666670,35.25
0.8584188033236090,0.6224701269597710,0.4606423687719120,2.2867936559410800,0.4166666666666640,2.648206266297480,4.93499992223856,1.49392830470346,15.0,56.0,35.333333333333300,35.75
1.0344857116797800,0.800676792932476,0.4645099097910530,2.8128305379987300,0.5833333333333360,2.292356368697890,5.1051869066966200,1.3725887878842400,15.0,57.0,35.833333333333300,36.41666666666670
0.9249371999039690,0.5824086090485810,0.5166249800228720,2.084510198781210,0.4166666666666640,2.637467083685170,4.72197728246638,1.3977806617166000,15.0,58.0,36.5,36.916666666666700
0.8510366835875970,0.6307442314175270,0.45291795879804300,1.8799075741807600,0.5,2.138668312265400,4.018575886446160,1.2614884628350500,15.0,59.0,37.0,37.5
1.1308814785657400,0.7887022665313980,0.5139111602859850,2.4793420436920400,0.5833333333333290,2.0651909965008300,4.5445330401928600,1.35206102833955,15.0,60.0,37.583333333333300,38.166666666666700
1.1986698485543400,1.096924175199620,0.4002316827241310,3.6285286251663800,1.0,1.8188661058718000,5.447394731038180,1.096924175199620,15.0,61.0,38.25,39.25
0.8331753629133470,0.7256890446136330,0.4032493459675920,2.3419767194465400,0.5833333333333290,2.1966583625184500,4.538635081964990,1.2440383621948100,15.0,62.0,39.333333333333300,39.916666666666700
1.1403504270026700,0.8411082159637690,0.4917560057931600,2.943733394068250,0.6666666666666640,2.231901059659810,5.175634453728060,1.2616623239456600,15.0,63.0,40.0,40.666666666666700
0.9868896145197440,0.6321545031963040,0.5244781092712940,2.3932729183641300,0.5,2.714506972570660,5.107779890934790,1.2643090063926100,15.0,64.0,40.75,41.25
0.8419729881928430,0.544180431101164,0.4886114056557560,1.8048931855118300,0.5,2.4957195122898500,4.300612697801680,1.088360862202330,15.0,65.0,41.333333333333300,41.833333333333300
1.1330497523460000,0.7892333432958270,0.5146231209645610,2.659613423577750,0.6666666666666710,2.2131947286025200,4.872808152180280,1.1838500149437300,15.0,66.0,41.916666666666700,42.583333333333300
0.9774513901994000,0.7456063780555740,0.46374840931682000,2.5031760730439500,0.5833333333333290,2.2597570294796300,4.762933102523580,1.2781823623809900,15.0,67.0,42.66666666666670,43.25
1.1012017218055800,0.9332175328553800,0.4330875077412730,3.1821833064334000,0.6666666666666640,2.0627668269103500,5.244950133343750,1.3998262992830700,15.0,68.0,43.333333333333300,44.0
0.8989311648293770,0.6129693165998070,0.4869868625041240,2.1606273234110300,0.5,2.554221809427660,4.714849132838690,1.225938633199610,15.0,69.0,44.083333333333300,44.583333333333300
1.0855309801764300,0.740847035049679,0.5174834240821180,2.6782585272624200,0.5833333333333290,2.4398562732919700,5.118114800554390,1.2700234886566000,15.0,70.0,44.66666666666670,45.25
0.9984770170694550,0.6652397889868210,0.5133671833453750,2.4828478198777000,0.5833333333333360,2.627472179198880,5.110319999076580,1.140411066834550,15.0,71.0,45.333333333333300,45.91666666666670
1.0377759189033900,0.7977497840058690,0.46735324203877000,2.915042413508090,0.5833333333333290,2.3883246194240000,5.30336703293209,1.3675710582957900,15.0,72.0,46.00000000000000,46.583333333333300
0.9564498025031360,0.6263681557326310,0.5112507382555120,2.3610540404230600,0.4166666666666640,2.711350310826470,5.072404351249540,1.503283573758320,15.0,73.0,46.66666666666670,47.083333333333300
0.9396857855549570,0.6926668804827550,0.47006861255742200,2.382088191734210,0.5,2.384378075722100,4.766466267456300,1.3853337609655100,15.0,74.0,47.16666666666670,47.66666666666670
1.091102933948050,0.8074162083243420,0.48664169901039200,2.881144086315330,0.6666666666666710,2.319561242670660,5.200705328985990,1.2111243124865000,15.0,75.0,47.75,48.41666666666670
1.098395719417350,0.8390743915661140,0.47462810748484000,3.244031543426240,0.5833333333333290,2.4684009278829400,5.712432471309180,1.4384132426847800,15.0,76.0,48.50000000000000,49.083333333333300
1.0544236369827800,0.7536807994050930,0.49624451625082200,3.1885605340760300,0.5,2.8347632883403100,6.023323822416340,1.5073615988101900,15.0,77.0,49.16666666666670,49.66666666666670
0.9224876086939060,0.5728766005315440,0.5201916716481490,2.42315870126901,0.3333333333333290,3.1332828880608800,5.5564415893298900,1.718629801594660,15.0,78.0,49.75000000000000,50.083333333333300
1.026518236585110,0.8115649168888150,0.4559408495511680,3.1703799232465400,0.5833333333333290,2.5334086987205100,5.703788621967060,1.391254143237980,15.0,79.0,50.16666666666670,50.75
0.7981222828806450,0.5642361635897040,0.453967522352102,1.962986007298500,0.3333333333333290,2.589334788734490,4.552320796032990,1.6927084907691400,15.0,80.0,50.833333333333300,51.166666666666700
0.965003704095186,0.7410450808489440,0.4599357744264960,2.299231239640110,0.5833333333333360,2.0937751907612800,4.393006430401380,1.270362995741040,15.0,81.0,51.25,51.833333333333300
1.049472638541240,0.9004932736893000,0.42647331360094400,2.7368400405984300,0.5833333333333360,1.8735000090435300,4.6103400496419600,1.5437027548959400,15.0,82.0,51.916666666666700,52.5
1.166838854967300,0.8580704663704490,0.4947156096573110,3.098716716147990,0.5833333333333290,2.2808071883861400,5.379523904534130,1.470977942349350,15.0,83.0,52.583333333333300,53.166666666666700
0.8789778957344800,0.719774627550651,0.4279409089111950,2.4263642524449000,0.5,2.302118349215840,4.7284826016607400,1.439549255101300,15.0,84.0,53.25,53.75
1.078021058212670,0.7210655343997330,0.5241703628367710,2.618873377002650,0.5000000000000070,2.47853044097987,5.097403817982520,1.4421310687994500,15.0,85.0,53.83333333333330,54.333333333333300
1.0259553501279800,0.6714746768369770,0.5242165328282200,2.5575653629338200,0.4166666666666710,2.672143355888120,5.229708718821940,1.611539224408730,15.0,86.0,54.416666666666700,54.833333333333300
1.0653367760924000,0.9157673636932450,0.4263577941575510,3.341673952968630,0.5833333333333290,2.2297270734434400,5.571401026412070,1.5698869091884300,15.0,87.0,54.91666666666670,55.5
0.894871631969284,0.6581240943518810,0.4633840471135780,2.403990373149150,0.4166666666666710,2.581698355711560,4.985688728860710,1.5794978264445000,15.0,88.0,55.583333333333300,56.00000000000000
1.0616058794642300,0.71375395505388,0.5199767329530940,2.7003943309830100,0.5833333333333360,2.5924421367540600,5.292836467737070,1.2235782086637900,15.0,89.0,56.083333333333300,56.66666666666670
1.1279565860229000,0.7622253762999650,0.5263348291018890,3.1842855748155600,0.5833333333333360,2.785804177710640,5.970089752526200,1.3066720736570800,15.0,90.0,56.75,57.333333333333300
1.159423062871530,0.869905282365113,0.4857880989442190,4.021661195085780,0.5833333333333290,2.900198551406070,6.921859746491850,1.4912661983402100,15.0,91.0,57.41666666666670,58.0
0.9030374447653310,0.6853038052740390,0.45507407793820400,3.100739596743650,0.4166666666666710,3.1499589417523500,6.250698538496000,1.6447291326576700,15.0,92.0,58.083333333333300,58.50000000000000
0.8126029794039180,0.5687755081238680,0.46011071344695500,2.203322891648330,0.3333333333333360,2.876013364089240,5.079336255737570,1.7063265243715900,15.0,93.0,58.583333333333300,58.91666666666670
1.1845427933911700,0.8975174545838780,0.4827962375297270,3.564406723526010,0.5833333333333360,2.452284433418430,6.016691156944440,1.5386013507152100,15.0,94.0,59.0,59.583333333333300
0.7711092709668880,0.5584337261323000,0.4411550335533890,1.985232742442150,0.4166666666666640,2.6542935892222000,4.639526331664350,1.3402409427175300,15.0,95.0,59.666666666666700,60.08333333333330
1.069822303384710,0.7607232413415860,0.4999582528917590,2.6438992677309300,0.4999999999999930,2.319569479024220,4.963468746755150,1.5214464826831900,15.0,96.0,60.16666666666670,60.666666666666700
1.1388427719735100,0.7659144218434480,0.5294578146280940,3.024663190526710,0.6666666666666640,2.627947315631820,5.652610506158530,1.148871632765180,15.0,97.0,60.75000000000000,61.41666666666670
1.0632119890928100,0.8002431771877190,0.47761578231024700,3.3101472708257000,0.6666666666666640,2.6997759889940300,6.009923259819730,1.2003647657815800,15.0,98.0,61.5,62.166666666666700
0.9453780502245560,0.5752251327762570,0.5318490815849620,2.4852773672363500,0.3333333333333220,3.196372166131220,5.681649533367580,1.7256753983288300,15.0,99.0,62.25000000000000,62.58333333333330
1.0040219646508100,0.6541227164642710,0.5219889717221220,2.738742529341080,0.4999999999999930,2.9657583976080200,5.704500926949100,1.3082454329285600,15.0,100.0,62.66666666666670,63.166666666666700
1.0102603560833600,0.6716413238057470,0.5161110890210780,2.8188749520079800,0.5833333333333220,2.944156185729450,5.763031137737430,1.151385126524160,15.0,101.0,63.25000000000000,63.83333333333330
0.981023896241322,0.5074666878593880,0.5905947798059410,2.2500551550964200,0.4166666666666710,3.4036161058068200,5.653671260903240,1.217920050862520,15.0,102.0,63.91666666666670,64.33333333333330
0.8974042862010080,0.6842111983259420,0.45272970579330900,2.5140438957052100,0.5,2.55958492660081,5.073628822306020,1.3684223966518800,15.0,103.0,64.41666666666670,64.91666666666670
1.1148293692054400,0.8561090309712900,0.47359267135234200,3.253396992147790,0.5833333333333430,2.4028334274061400,5.656230419553930,1.4676154816650500,15.0,104.0,65.0,65.58333333333330
0.9482049722698820,0.67833152399563,0.48117891729124500,2.641606978894440,0.5,2.7216588292307700,5.363265808125200,1.35666304799126,15.0,105.0,65.66666666666670,66.16666666666670
1.057539671269660,0.7792473670256170,0.48514754316919300,3.0698911294812400,0.5,2.60197523017528,5.671866359656520,1.5584947340512300,15.0,106.0,66.25,66.75
0.7645386719166050,0.4556866629930380,0.48472704838744200,1.5870541345359300,0.3333333333333290,2.7493070393643300,4.3363611739002700,1.3670599889791300,15.0,107.0,66.83333333333330,67.16666666666670
1.1147165650972600,0.7623229281608880,0.5201059400612140,2.5784464279948600,0.5833333333333430,2.2553672047963500,4.833813632791210,1.3068393054186400,15.0,108.0,67.25,67.83333333333330
0.9774668549332000,0.6391223591119860,0.5158634115673860,2.231305017485040,0.5,2.4935875914926100,4.724892608977650,1.2782447182239700,15.0,109.0,67.91666666666670,68.41666666666670
1.0929717286542600,0.8906338608169140,0.4485507191140100,3.044820065046630,0.6666666666666710,2.119353977493390,5.164174042540020,1.3359507912253600,15.0,110.0,68.5,69.16666666666670
1.0104297084556100,0.8823696427320290,0.4181170137455120,3.0588058430888500,0.6666666666666710,2.159229029128920,5.218034872217770,1.3235544640980300,15.0,111.0,69.25,69.91666666666670
0.9213615965131850,0.5193212962557260,0.5481402998928560,1.9474817408192100,0.4166666666666710,2.860215199708830,4.807696940528040,1.246371111013730,15.0,112.0,70.0,70.41666666666670
0.9487145983114530,0.63193322764361,0.5043017434965290,2.136602322425040,0.5,2.4245299493112200,4.561132271736260,1.26386645528722,15.0,113.0,70.5,71.0
0.9545510500025420,0.6954091920751380,0.4761971423845600,2.181835445347520,0.5833333333333430,2.1719981538388000,4.3538335991863200,1.1921300435573600,15.0,114.0,71.08333333333330,71.66666666666670
0.9625141304342000,0.5631797262747020,0.5480513685309730,1.8045018983858300,0.5833333333333290,2.3861244623901900,4.190626360776030,0.965450959328068,15.0,115.0,71.75,72.33333333333330
1.1633609065978700,0.9042984765086210,0.4709584867916770,2.901599832704950,0.75,1.9736110495803900,4.87521088228534,1.2057313020114900,15.0,116.0,72.41666666666670,73.16666666666670
1.2543702022891100,0.8801158126228770,0.5202310720181870,3.5790830770082900,0.6666666666666570,2.5362361836060300,6.115319260614320,1.3201737189343300,15.0,117.0,73.25000000000000,73.91666666666670
0.9799897110441660,0.728955994417924,0.4727591575958600,3.10187677307449,0.5000000000000140,2.89107318207776,5.99294995515225,1.4579119888358100,15.0,118.0,74.0,74.50000000000000
0.9804482620383850,0.7485487335409090,0.46380358006994700,3.0962257236324000,0.4999999999999860,2.7795516443796400,5.875777368012040,1.4970974670818600,15.0,119.0,74.58333333333330,75.08333333333330
0.9789771794271090,0.7093700751930360,0.4816117333572320,2.922408631648600,0.4166666666666710,2.829843323029480,5.752251954678070,1.7024881804632700,15.0,120.0,75.16666666666670,75.58333333333330
1.0137700158438300,0.7185343210375820,0.49417861890027600,2.988820628702480,0.5,2.8426399265292200,5.8314605552317,1.4370686420751600,15.0,121.0,75.66666666666670,76.16666666666670
0.8780552228712290,0.7433701526922440,0.4175228758202430,2.685576216236100,0.5,2.434768181252650,5.120344397488750,1.4867403053844900,15.0,122.0,76.25,76.75
0.900930686543825,0.6497062511295920,0.4704652384010950,2.204131345710110,0.4999999999999860,2.408944047660250,4.613075393370370,1.29941250225922,15.0,123.0,76.83333333333330,77.33333333333330
1.0370939330600600,0.8039656313413870,0.4641520322772890,2.6430241843318300,0.5833333333333290,2.1411683188812100,4.784192503213040,1.3782267965852500,15.0,124.0,77.41666666666670,78.0
1.2793999054208900,0.9165028212567940,0.511651434823076,3.673056477387340,0.6666666666666570,2.4478389587387500,6.120895436126090,1.3747542318852100,15.0,125.0,78.08333333333330,78.75
0.9349729372300150,0.6844201333754080,0.4715840991856870,2.8363546239373000,0.5000000000000140,2.8865169604553000,5.722871584392610,1.3688402667507800,15.0,126.0,78.83333333333330,79.33333333333330
1.104847915877390,0.6938894784365690,0.5520140469645660,3.1637972392910300,0.5833333333333290,3.1591055035590800,6.322902742850120,1.1895248201769900,15.0,127.0,79.41666666666670,80.0
0.9345323421991240,0.5193849184701600,0.5559405237863420,2.3937992470628000,0.4166666666666710,3.515157862710190,5.9089571097729800,1.2465238043283700,15.0,128.0,80.08333333333330,80.5
0.843615375823857,0.6383180184513990,0.44558082527001800,2.351969087430400,0.4999999999999860,2.6329179854577900,4.984887072888190,1.2766360369028300,15.0,129.0,80.58333333333330,81.08333333333330
1.1172224485510200,0.8433589766713340,0.4806993154264750,3.172995937906830,0.6666666666666710,2.396231803415640,5.569227741322460,1.2650384650069900,15.0,130.0,81.16666666666670,81.83333333333330
1.0708345402998800,0.8382640939348510,0.4630937297802740,3.3846469814796200,0.5833333333333290,2.579074446724790,5.963721428204400,1.4370241610311800,15.0,131.0,81.91666666666670,82.5
0.9661987745471320,0.8248372371201990,0.4234910356946390,3.2365577714469700,0.5833333333333430,2.525582564224600,5.762140335671570,1.4140066922060300,15.0,132.0,82.58333333333330,83.16666666666670
1.025344297672140,0.644792488062656,0.5380713904036160,2.807734873451910,0.4166666666666570,3.1004428621155600,5.908177735567470,1.5475019713504100,15.0,133.0,83.25000000000000,83.66666666666670
0.8683428466144450,0.5556571242307300,0.49816407818281100,2.187081957827560,0.3333333333333430,2.943241915379170,5.130323873206740,1.6669713726921400,15.0,134.0,83.75,84.08333333333330
1.030087238286830,0.8331156991542370,0.44777150814655800,2.9874682920824200,0.5833333333333290,2.297212857986070,5.284681150068490,1.4281983414072800,15.0,135.0,84.16666666666670,84.75
0.8237666099854530,0.6591862891803780,0.4261114621564720,2.1014806639595200,0.4166666666666710,2.251863211886430,4.353343875845950,1.5820470940328900,15.0,136.0,84.83333333333330,85.25
1.1727296358298100,0.7549626780835760,0.5512159491007750,2.7056628018762700,0.5833333333333290,2.3996325762864700,5.10529537816274,1.2942217338575700,15.0,137.0,85.33333333333330,85.91666666666670
1.1169391829697100,0.7113475731215270,0.5483971647890880,2.902574937708830,0.5833333333333430,2.7997295107952800,5.702304448504110,1.219452982494030,15.0,138.0,86.0,86.58333333333330
1.7863846197508900,1.1886386041923100,0.5441965499538290,7.083334556282530,0.9166666666666570,3.1031744076623100,10.18650896394480,1.2966966591189000,15.0,139.0,86.66666666666670,87.58333333333330
0.6687392477548660,0.2732126655626060,0.5088643888311580,1.6285666835357800,0.1666666666666710,5.183551658260900,6.812118341796670,1.6392759933755900,15.0,140.0,87.66666666666670,87.83333333333330
0.9682738119426050,0.6531110699771360,0.5039131041864350,3.1632800945154900,0.4166666666666710,3.4327156997001100,6.595995794215600,1.5674665679451100,15.0,141.0,87.91666666666670,88.33333333333330
0.8050960531201030,0.51894631543862,0.4791507545267810,2.1499338186659000,0.4166666666666570,3.1604763616538800,5.310410180319780,1.2454711570527200,15.0,142.0,88.41666666666670,88.83333333333330
1.0735327656952700,0.7053852395068520,0.5302374365151990,2.8851210469980100,0.5833333333333430,2.8157782808569800,5.7008993278549900,1.2092318391545800,15.0,143.0,88.91666666666670,89.50000000000000
0.9273065899621870,0.6436915138002590,0.4871600581545860,2.5092310673396500,0.5833333333333290,2.7772504480912800,5.286481515430930,1.1034711665147400,15.0,144.0,89.58333333333330,90.16666666666670
1.150684853717090,0.8021927415426140,0.5159035490331890,3.355759633552570,0.6666666666666710,2.727314575709170,6.083074209261740,1.203289112313910,15.0,145.0,90.25,90.91666666666670
0.913297668422444,0.662391289154443,0.4709116852342190,2.691066764871190,0.5,2.8645907272882600,5.5556574921594500,1.324782578308890,15.0,146.0,91.0,91.5
0.8800965026591000,0.5784268402376150,0.49354040176534600,2.147573298070330,0.5,2.7419414307510300,4.8895147288213500,1.1568536804752300,15.0,147.0,91.58333333333330,92.08333333333330
0.9580707025470800,0.655979388197529,0.49717505593006500,2.2535560525835300,0.5833333333333290,2.4309447587726400,4.684500811356170,1.1245360940529200,15.0,148.0,92.16666666666670,92.75
0.9477672244605740,0.5579855819706480,0.542464880175607,1.8986391606474900,0.5,2.5411771713148600,4.439816331962340,1.1159711639413000,15.0,149.0,92.83333333333330,93.33333333333330
1.11718608386847,1.0013430908830100,0.410438166100033,3.1378309478886900,0.8333333333333290,1.8222700731116000,4.960101021000290,1.2016117090596200,15.0,150.0,93.41666666666670,94.25
0.9032858041600090,0.5104342360205870,0.542183645008808,1.7911031882912800,0.3333333333333290,2.6892856511778500,4.480388839469120,1.5313027080617800,15.0,151.0,94.33333333333330,94.66666666666670
1.190217162326420,0.9283066572016460,0.47040047276178200,3.2250586623890200,0.6666666666666710,2.1075770282428900,5.332635690631910,1.3924599858024600,15.0,152.0,94.75,95.41666666666670
0.902849258821796,0.5581027384788660,0.5166950562162600,2.0592196829017800,0.4166666666666710,2.75534649795189,4.814566180853670,1.3394465723492600,15.0,153.0,95.5,95.91666666666670
0.8974488972405000,0.628670975546931,0.47860958583772300,2.016529583891850,0.5,2.304297525806690,4.320827109698540,1.257341951093860,15.0,154.0,96.0,96.5
0.9508488606130500,0.7884869975540370,0.4321912184284180,2.241030001003680,0.5833333333333290,1.8674235331591500,4.108453534162830,1.351691995806930,15.0,155.0,96.58333333333330,97.16666666666670
1.1634889628640000,0.8957005956561240,0.4750774773246680,2.8283066007223600,0.75,1.9518337407156900,4.780140341438050,1.1942674608748300,15.0,156.0,97.25,98.0
0.8469549684733210,0.5389109527690350,0.4940993323265230,1.6866994610491000,0.4166666666666570,2.361864151131620,4.0485636121807200,1.293386286645710,15.0,157.0,98.08333333333330,98.5
1.1158777037315400,0.6645395788069830,0.5741306442584010,2.193297431988860,0.5000000000000140,2.324404434982440,4.517701866971290,1.3290791576139300,15.0,158.0,98.58333333333330,99.08333333333330
1.0913212027165200,0.7845734946179840,0.49798544972283400,2.68051403904038,0.6666666666666570,2.2497497959373900,4.930263834977770,1.1768602419269900,15.0,159.0,99.16666666666670,99.83333333333330
1.1745018221207100,0.7895520115283780,0.5332803889805240,3.161390842023680,0.5833333333333290,2.6292130156935500,5.790603857717230,1.353517734048660,15.0,160.0,99.91666666666670,100.5
1.0344723431463900,0.7777971039517580,0.4752541237597700,3.2382111784859100,0.4999999999999860,2.752008362439350,5.9902195409252500,1.5555942079035600,15.0,161.0,100.58333333333300,101.08333333333300
0.8613629990339030,0.5003248946690400,0.5222733566590540,2.031221401879180,0.3333333333333290,3.1285320667636900,5.15975346864287,1.5009746840071400,15.0,162.0,101.16666666666700,101.5
0.8868305547209190,0.5809449821240490,0.49606598396027300,2.0162488494049800,0.4166666666666710,2.5595781814147600,4.57582703081974,1.3942679570977000,15.0,163.0,101.58333333333300,102.00000000000000
0.937051492081234,0.7571224583750550,0.4394903572225280,2.276753690371810,0.5833333333333290,2.0110318563634700,4.287785546735280,1.2979242143572500,15.0,164.0,102.08333333333300,102.66666666666700
1.1806654024088000,0.7751088426845130,0.5438778146413040,2.730408615169900,0.5833333333333430,2.3320314328089500,5.062440047978850,1.3287580160305700,15.0,165.0,102.75,103.33333333333300
1.0267606509616200,0.7034572627125840,0.5081145242165460,2.6256149227634,0.5833333333333290,2.5722993163535600,5.1979142391169600,1.2059267360787200,15.0,166.0,103.41666666666700,104.0
0.9947619862420910,0.5849158041841620,0.5542343958961070,2.2898246345832700,0.5,2.880862858236760,5.1706874928200400,1.1698316083683200,15.0,167.0,104.08333333333300,104.58333333333300
0.924929560691539,0.6815550903856760,0.46785690640658400,2.3633798568212700,0.5,2.4191418543860000,4.78252171120727,1.3631101807713500,15.0,168.0,104.66666666666700,105.16666666666700
1.2005115162398700,0.9350559492298950,0.47127748433363300,3.487577590142810,0.5833333333333430,2.253894800828740,5.741472390971550,1.6029530558226500,15.0,169.0,105.25,105.83333333333300
0.6216244684224740,0.3392862964316180,0.4427697421305250,1.0268894730000000,0.0833333333333286,2.54215025,3.569039723,4.071435557179650,15.0,170.0,105.91666666666700,106.0
1.8386437959736900,0.6542445504336610,0.9557907047487220,3.150937752155260,0.3333333333333430,3.411254992122350,6.562192744277610,1.9627336513009300,15.0,171.0,106.08333333333300,106.41666666666700
0.8078119636785200,0.6061146325639000,0.4406340360282670,2.409492332685380,0.4166666666666860,2.8915254741064500,5.301017806791830,1.4546751181532900,15.0,172.0,106.5,106.91666666666700
0.923968004379782,0.5694181056678860,0.5228315552413770,2.1264314598359300,0.3333333333333290,2.771539384287210,4.897970844123140,1.7082543170036800,15.0,173.0,107.00000000000000,107.33333333333300
1.3272174191487800,0.8736232068406920,0.5540287920935290,3.7870553523242200,0.7500000000000140,2.713616870478860,6.500672222803080,1.1648309424542300,15.0,174.0,107.41666666666700,108.16666666666700
1.0303704481726900,0.7755961591132870,0.4744126515558410,3.6140994055179700,0.5833333333333140,3.0840011461154100,6.698100551633380,1.3295934156228200,15.0,175.0,108.25000000000000,108.83333333333300
0.900940299941289,0.556031945562494,0.5166713832497370,2.573871842867240,0.3333333333333430,3.460716877158250,6.034588720025490,1.6680958366874300,15.0,176.0,108.91666666666700,109.25
0.9675626568577740,0.7222890025120620,0.46988650269051500,3.0032709061634100,0.4166666666666710,2.8355717888284100,5.838842694991820,1.7334936060289300,15.0,177.0,109.33333333333300,109.75
1.103873355284670,0.7897414576593210,0.5011167200896670,3.5194011762661700,0.5,2.9259417004338100,6.44534287669998,1.5794829153186400,15.0,178.0,109.83333333333300,110.33333333333300
0.8890590029732390,0.672537799539601,0.45378603745807200,2.805483507703260,0.5,2.924806604076290,5.730290111779550,1.345075599079200,15.0,179.0,110.41666666666700,110.91666666666700
1.623142191521180,1.1086630653493800,0.5356366870784130,6.231722038614230,0.75,3.0693536114717900,9.30107565008602,1.4782174204658400,15.0,180.0,111.0,111.75
0.8058437169360960,0.40126637391135700,0.5394895691451660,2.4773800783176300,0.2500000000000140,5.0178332950515,7.495213373369130,1.605065495645340,15.0,181.0,111.83333333333300,112.08333333333300
0.7107660888505840,0.3721367269016490,0.4899026313432160,1.6554187403977700,0.25,3.6719247540924000,5.327343494490170,1.4885469076066000,15.0,182.0,112.16666666666700,112.41666666666700
0.90620365721099,0.516869961998607,0.5404456656785850,1.94851845674795,0.4166666666666710,2.879139701178220,4.827658157926170,1.2404879087966400,15.0,183.0,112.58333333333300,113.08333333333300
0.9438759227005350,0.7480631958502550,0.4467197872297080,2.4000998731687900,0.4999999999999860,2.1566104251265400,4.556710298295330,1.4961263917005500,15.0,184.0,113.16666666666700,113.66666666666700
0.9404767302328430,0.7072121273275550,0.4636707821630280,2.172666573858190,0.5,2.1128134281009200,4.2854800019591100,1.414424254655110,15.0,185.0,113.75,114.25
0.5573136139871690,0.17705897633605000,0.426033607006262,0.38755768459129500,0.5,2.000798662970280,4.69633998366911,1.70647409227667,15.0,186.0,114.33333333333300,114.50000000000000
0.9918843235032020,1.019846889311470,0.3577232353503010,2.978236074379590,0.6666666666666860,1.6799899332630900,4.658226007642680,1.5297703339671600,15.0,188.0,115.0,115.66666666666700
1.0164304505336300,0.6835383587108650,0.5131221117724030,2.3445239934809700,0.4166666666666570,2.3902387661547400,4.73476275963571,1.6404920609061100,15.0,189.0,115.75000000000000,116.16666666666700
0.920878762691753,0.7269074585492050,0.44515428611266400,2.252442535553860,0.5,2.107699936178460,4.360142471732320,1.4538149170984100,15.0,190.0,116.25,116.75
1.037941497368910,0.828221133441045,0.4533994693893530,2.548686522706220,0.6666666666666710,1.9768862831454200,4.525572805851630,1.2423317001615600,15.0,191.0,116.83333333333300,117.5
0.8348317115419620,0.5626384490381980,0.475606918898389,1.6256979527754400,0.4166666666666710,2.152393738441430,3.7780916912168800,1.3503322776916600,15.0,192.0,117.58333333333300,118.0
2.0781070217279600,1.3749458610419100,0.5254561862931020,5.866057220717380,1.0833333333333400,1.9852216515324800,7.8512788722498500,1.2691807948079000,15.0,193.0,118.08333333333300,119.16666666666700
0.8278163262266480,0.42042199054589400,0.543684606358965,2.2307973691331500,0.2500000000000140,4.26861946307362,6.49941683220677,1.6816879621834800,15.0,194.0,119.25,119.50000000000000
0.9173694229245410,0.5303551718153320,0.5397764539317070,2.4541340983949500,0.4166666666666570,3.5082321703126200,5.962366268707570,1.2728524123568300,15.0,195.0,119.58333333333300,120.08333333333300
1.0206161326494300,0.7035911321538630,0.5050061681583930,3.074255460090890,0.5000000000000280,3.011031742516870,6.085287202607750,1.4071822643076500,15.0,196.0,120.16666666666700,120.66666666666700
0.9705361262831060,0.5838502056212980,0.5413134064862910,2.6119435238480500,0.4166666666666570,3.294047545091040,5.905991068939090,1.4012404934911500,15.0,197.0,120.75000000000000,121.16666666666700
1.289714444910710,0.9414896270990710,0.5030484488378530,4.646042347044350,0.7500000000000140,2.9709996460800200,7.617041993124380,1.2553195027987400,15.0,198.0,121.25,122.00000000000000
0.7155399238383010,0.3040824724599280,0.527925367084191,1.429067957317480,0.1666666666666570,4.0212296903158800,5.4502976476333600,1.8244948347596700,15.0,199.0,122.08333333333300,122.25
1.1306238135865600,0.8348400688552130,0.4906272811241010,3.4881715953736300,0.5833333333333290,2.6740647161754400,6.162236311549070,1.431154403751810,15.0,200.0,122.33333333333300,122.91666666666700
2.0042430753136300,1.5688582988893300,0.4174494466229870,9.778197317652200,1.3333333333333300,2.572422138216230,12.350619455868400,1.1766437241670100,15.0,201.0,123.0,124.33333333333300
0.7548778261882600,0.2605929100676710,0.5817047441040790,2.138794836821590,0.1666666666666570,7.184413930102810,9.323208766924390,1.5635574604061100,15.0,202.0,124.41666666666700,124.58333333333300
0.8380486265431380,0.5682125865609440,0.4747856975316850,3.386776124458210,0.3333333333333290,4.426526177637720,7.813302302095930,1.704637759682860,15.0,203.0,124.66666666666700,125.0
0.7751344396527250,0.33247619535522500,0.5558843613710510,1.7130671413729200,0.2500000000000140,4.343292560399550,6.056359701772470,1.3299047814208200,15.0,204.0,125.08333333333300,125.33333333333300
0.8320085017222680,0.569555202347476,0.47073130655935400,2.188024645954060,0.4166666666666710,2.8509181154087800,5.038942761362840,1.3669324856339300,15.0,205.0,125.41666666666700,125.83333333333300
1.077498931307080,0.7896915045975460,0.4891681647513400,2.964565057423080,0.4999999999999860,2.464890382862910,5.429455440285990,1.5793830091951400,15.0,206.0,125.91666666666700,126.41666666666700
0.6289112640519120,0.4580980514177950,0.3977772283010250,1.2549319478429100,0.1666666666666570,2.159713736220880,3.4146456840637900,2.748588308506920,15.0,207.0,126.50000000000000,126.66666666666700
1.5547121540041000,0.45041406668557300,0.9909178460345980,1.9251578004078100,0.16666666666668600,3.3836333462238300,5.308791146631630,2.702484400113130,15.0,208.0,126.75,126.91666666666700
0.8622876705752860,0.8181124416839850,0.3804963169945610,2.5577296724130200,0.4166666666666570,2.0199754789866700,4.577705151399690,1.9634698600416100,15.0,209.0,127.00000000000000,127.41666666666700
1.1755467269972400,0.7644283310578860,0.5473345842814900,2.8757699618817300,0.5833333333333430,2.5055363460045800,5.381306307886320,1.310448567527780,15.0,210.0,127.5,128.08333333333300
0.8825819265873160,0.6429092475765260,0.4640268289566300,2.252373187077980,0.5,2.4970705016928000,4.749443688770780,1.2858184951530500,15.0,211.0,128.16666666666700,128.66666666666700
1.0917314957212900,0.8893937528873950,0.4485976978167480,3.05452775749293,0.75,2.130589504692860,5.185117262185790,1.1858583371831900,15.0,212.0,128.75,129.5
0.9620092674198890,0.6009207495662250,0.5274759830473680,2.2531060337942400,0.4166666666666570,2.7350248250873200,4.988130858881570,1.4422097989589700,15.0,213.0,129.58333333333300,130.0
0.9289353234271470,0.7157614457607020,0.4540819421479810,2.3686308046028600,0.5,2.265020148089220,4.6336509526920800,1.4315228915214000,15.0,214.0,130.08333333333300,130.58333333333300
0.9980380421540590,0.6196523143842580,0.5370757143265760,2.13593852949297,0.4166666666666570,2.488621395357120,4.624559924850090,1.487165554522250,15.0,215.0,130.66666666666700,131.08333333333300
0.765355991171481,0.40791776466095200,0.4170772581334,1.185591802002570,0.416666666666629,2.353842843012980,5.64366144907406,2.09876112729817,15.0,216.0,131.16666666666700,131.41666666666700
0.9163183325971200,0.7023751378116030,0.45395074054803100,2.60944615454865,0.5,2.561944294209540,5.171390448758190,1.4047502756232100,15.0,218.0,131.75,132.25
1.0506078800645800,0.797659298998344,0.4731748159850190,2.986131832378210,0.5,2.4469717239778400,5.433103556356050,1.595318597996690,15.0,219.0,132.33333333333300,132.83333333333300
0.9522892762451260,0.7124854308124870,0.46702529422476300,2.6364894664863300,0.4999999999999720,2.5373967869607900,5.173886253447120,1.4249708616250600,15.0,220.0,132.91666666666700,133.41666666666700
0.9048014086742100,0.74599563774057,0.4291128096641430,2.461158703339700,0.5000000000000280,2.2201808670993800,4.681339570439090,1.4919912754810600,15.0,221.0,133.5,134.00000000000000
0.9595961057571420,0.7112404035292870,0.47119502269203700,2.2863713163979900,0.5833333333333140,2.2058239051221700,4.49219522152016,1.2192692631931000,15.0,222.0,134.08333333333300,134.66666666666700
1.2100178716715900,0.9114583673644120,0.4863517079564080,3.2508496826171500,0.6666666666666860,2.1847868184599500,5.435636501077100,1.3671875510465800,15.0,223.0,134.75,135.41666666666700
1.044116604522000,0.6959390857857680,0.5206027977195420,2.8456307570732800,0.5833333333333430,2.8298075698472000,5.675438326920470,1.193038432775580,15.0,224.0,135.5,136.08333333333300
1.0182367801972700,0.6007848155506080,0.5583817945470720,2.6098786103845700,0.5,3.1690614378270900,5.7789400482116600,1.201569631101220,15.0,225.0,136.16666666666700,136.66666666666700
0.8739148160525910,0.58159191562866,0.4885251678377650,2.227143672234860,0.5,2.8231576569769800,5.0503013292118400,1.16318383125732,15.0,226.0,136.75,137.25
0.9718534021320610,0.6209208555260230,0.5223219272753740,2.270269404991290,0.5,2.637883123595310,4.908152528586600,1.2418417110520500,15.0,227.0,137.33333333333300,137.83333333333300
0.9293190162282220,0.5670553865714240,0.5271033770776880,1.9741357063337700,0.4166666666666570,2.5871037730303900,4.561239479364160,1.3609329277714500,15.0,228.0,137.91666666666700,138.33333333333300
0.9250797331440090,0.5732640919047480,0.5214512761561290,1.8410460530079500,0.5,2.378464147368160,4.219510200376110,1.1465281838095000,15.0,229.0,138.41666666666700,138.91666666666700
1.2194253573155600,0.6870641621068700,0.6134328756751160,2.55699145763308,0.4999999999999720,2.5883862761572,5.14537773379028,1.374128324213820,15.0,230.0,139.00000000000000,139.5
0.893297180861729,0.5847896044694500,0.4977658124842190,2.0351582958652400,0.4166666666666570,2.561193128198330,4.596351424063570,1.4034950507267100,15.0,231.0,139.58333333333300,140.0
1.5308679459435900,1.0600187964027700,0.5303681256136010,4.59864877394908,0.75,2.437758289442000,7.036407063391080,1.4133583952036900,15.0,232.0,140.08333333333300,140.83333333333300
0.7597759343971880,0.48847820981353300,0.46616766093710700,2.065947329244580,0.2500000000000280,3.280145422142360,5.346092751386930,1.9539128392539100,15.0,233.0,140.91666666666700,141.16666666666700
0.986169811286434,0.7500563305481040,0.46580739424975300,2.781905745813980,0.5,2.49024953394104,5.272155279755020,1.5001126610962100,15.0,234.0,141.25,141.75
1.0116796818311300,0.8951292247281050,0.4133265899193280,3.1546104126805300,0.5833333333333430,2.1791219633063200,5.33373237598685,1.534507242391010,15.0,235.0,141.83333333333300,142.41666666666700
0.5460968744651050,0.21081816444171800,0.4422955046851580,0.5536487266670840,0.4166666666666860,2.35908585309267,2.9127345797597500,0.5059635946600990,15.0,236.0,142.5,142.91666666666700
1.2209788292966600,0.839944685774168,0.5271385669468030,2.0209725249760000,0.75,1.5354147322709500,3.556387257246950,1.1199262476988900,15.0,237.0,143.0,143.75
1.255630002861170,0.9187712598880660,0.5010076948918630,2.6837291600963100,0.5,1.7817773818960900,4.465506541992400,1.8375425197761300,15.0,238.0,143.83333333333300,144.33333333333300
1.1510883963896600,0.7366331140365770,0.5510525030083050,2.6794642073246800,0.5,2.4607285571648800,5.140192764489560,1.4732662280731500,15.0,239.0,144.41666666666700,144.91666666666700
0.8950980400599340,0.5657870693160030,0.5083377988338390,1.9880221935426100,0.5,2.612954275482250,4.600976469024860,1.1315741386320100,15.0,240.0,145.0,145.5
1.2684454307755400,0.8834515500949200,0.5243166571381390,3.4237189774299900,0.6666666666666570,2.4123686018103500,5.836087579240340,1.325177325142400,15.0,241.0,145.58333333333300,146.25
0.806482772146369,0.4255879850231220,0.526944142286266,1.6314119256444100,0.4166666666666570,3.075292163750330,4.706704089394740,1.0214111640555200,15.0,242.0,146.33333333333300,146.75
1.1842085526902500,0.8485470410538310,0.5068843653543740,3.187964522379760,0.6666666666666570,2.3857547152636900,5.573719237643450,1.2728205615807600,15.0,243.0,146.83333333333300,147.5
0.9244959069195730,0.6100761965270430,0.5022873804684440,2.353271786177750,0.4166666666666570,2.799608835342500,5.152880621520250,1.4641828716649400,15.0,244.0,147.58333333333300,148.0
0.9750154739285320,0.6739738030966390,0.4969450906836180,2.4634396135454800,0.5,2.56069872774324,5.024138341288720,1.3479476061932800,15.0,245.0,148.08333333333300,148.58333333333300
0.9231641234786030,0.6637862699833120,0.475335449360069,2.2499532119674100,0.5,2.388151056103620,4.638104268071040,1.3275725399666200,15.0,246.0,148.66666666666700,149.16666666666700
1.1301814130286300,0.8898596707994880,0.46418063244084900,3.0889810629828100,0.75,2.152918172479810,5.241899235462630,1.1864795610659800,15.0,247.0,149.25,150.0
0.9970393689771290,0.6630970139168320,0.5137276404910800,2.5334713800411400,0.4166666666666570,2.6929085259262100,5.226379905967350,1.5914328334004300,15.0,248.0,150.08333333333300,150.5
0.9404265060891370,0.5907887266822650,0.5208930672882420,2.192641134430380,0.4166666666666570,2.7223850600329700,4.915026194463350,1.417892944037470,15.0,249.0,150.58333333333300,151.0
0.9286021090928710,0.6042267288725130,0.507478130801968,2.069835384416400,0.5,2.4942683060089700,4.5641036904253700,1.2084534577450300,15.0,250.0,151.08333333333300,151.58333333333300
1.5680730728673700,1.046815323774840,0.5504782680546990,4.644408204003210,0.75,2.5124398947274200,7.1568480987306300,1.3957537650331200,15.0,251.0,151.66666666666700,152.41666666666700
0.8097272269160130,0.48168110284644500,0.5002041580635230,2.215209586830210,0.3333333333333430,3.579885177614080,5.795094764444290,1.4450433085392900,15.0,252.0,152.5,152.83333333333300
0.8609697939798770,0.711011201288278,0.4228629875340870,2.538870460301400,0.4999999999999720,2.4505310851360600,4.98940154543746,1.4220224025766400,15.0,253.0,152.91666666666700,153.41666666666700